{"cameraMode":{"drawMode":0,"name":"Shaded","section":"Shading Mode"},"sceneLighting":true,"audioPlay":false,"sceneViewState":{"showFog":true,"showMaterialUpdate":false,"showSkybox":true,"showFlares":true,"showImageEffects":true,"showParticleSystems":true},"in2DMode":false,"pivot":{"x":-1.5556175708770753,"y":7.780891418457031,"z":0.4303932189941406},"rotation":{"x":-0.04048875719308853,"y":-0.0029975511133670809,"z":0.0001214661606354639,"w":-0.9991755485534668},"size":17.490854263305665,"orthographic":false}