{"cameraMode":{"drawMode":0,"name":"Shaded","section":"Shading Mode"},"sceneLighting":false,"audioPlay":false,"sceneViewState":{"showFog":true,"showMaterialUpdate":false,"showSkybox":true,"showFlares":true,"showImageEffects":true,"showParticleSystems":true},"in2DMode":false,"pivot":{"x":-3.319890022277832,"y":0.16010282933712007,"z":-3.546036958694458},"rotation":{"x":0.2827417850494385,"y":-0.03165023401379585,"z":0.009335314854979515,"w":0.9586282968521118},"size":22.0,"orthographic":false}