{"cameraMode":{"drawMode":0,"name":"Shaded","section":"Shading Mode"},"sceneLighting":false,"audioPlay":false,"sceneViewState":{"showFog":true,"showMaterialUpdate":false,"showSkybox":false,"showFlares":true,"showImageEffects":true,"showParticleSystems":true},"in2DMode":false,"pivot":{"x":-4.84312105178833,"y":6.003603935241699,"z":-17.359886169433595},"rotation":{"x":0.23939010500907899,"y":0.37515369057655337,"z":-0.10092896223068237,"w":0.8898120522499085},"size":2.8578836917877199,"orthographic":false}