{"cameraMode":{"drawMode":0,"name":"Shaded","section":"Shading Mode"},"sceneLighting":false,"audioPlay":false,"sceneViewState":{"showFog":true,"showMaterialUpdate":false,"showSkybox":true,"showFlares":true,"showImageEffects":true,"showParticleSystems":true},"in2DMode":false,"pivot":{"x":-0.17944365739822389,"y":8.746881484985352,"z":-0.12028694152832031},"rotation":{"x":0.1837480217218399,"y":-0.012655926868319512,"z":0.002366305561736226,"w":0.9828890562057495},"size":15.521081924438477,"orthographic":false}