{"cameraMode":{"drawMode":0,"name":"Shaded","section":"Shading Mode"},"sceneLighting":false,"audioPlay":false,"sceneViewState":{"showFog":true,"showMaterialUpdate":false,"showSkybox":false,"showFlares":true,"showImageEffects":true,"showParticleSystems":true},"in2DMode":false,"pivot":{"x":-1.9547005891799927,"y":22.598493576049806,"z":-19.32656478881836},"rotation":{"x":0.33565613627433779,"y":0.0070608239620924,"z":-0.002515785163268447,"w":0.9419547915458679},"size":4.384157180786133,"orthographic":false}