{"cameraMode":{"drawMode":0,"name":"Shaded","section":"Shading Mode"},"sceneLighting":false,"audioPlay":false,"sceneViewState":{"showFog":true,"showMaterialUpdate":false,"showSkybox":false,"showFlares":true,"showImageEffects":true,"showParticleSystems":true},"in2DMode":false,"pivot":{"x":-3.1001410484313967,"y":23.26417350769043,"z":-20.765283584594728},"rotation":{"x":0.17485696077346803,"y":0.023623550310730935,"z":-0.004196351859718561,"w":0.9843015074729919},"size":1.4536560773849488,"orthographic":false}