{"cameraMode":{"drawMode":0,"name":"Shaded","section":"Shading Mode"},"sceneLighting":false,"audioPlay":false,"sceneViewState":{"showFog":true,"showMaterialUpdate":false,"showSkybox":false,"showFlares":true,"showImageEffects":true,"showParticleSystems":true},"in2DMode":false,"pivot":{"x":0.7102357149124146,"y":-1.4027595520019532,"z":-4.570590019226074},"rotation":{"x":-0.011148120276629925,"y":-0.9870686531066895,"z":0.13891172409057618,"w":-0.0792136937379837},"size":8.533865928649903,"orthographic":false}