{"cameraMode":{"drawMode":0,"name":"Shaded","section":"Shading Mode"},"sceneLighting":false,"audioPlay":false,"sceneViewState":{"showFog":true,"showMaterialUpdate":false,"showSkybox":false,"showFlares":true,"showImageEffects":true,"showParticleSystems":true},"in2DMode":false,"pivot":{"x":0.2009807676076889,"y":-0.20065096020698548,"z":0.5319809913635254},"rotation":{"x":0.03454267978668213,"y":-0.9566776156425476,"z":0.1273249238729477,"w":0.259544312953949},"size":2.6399996280670168,"orthographic":false}