{"cameraMode":{"drawMode":0,"name":"Shaded","section":"Shading Mode"},"sceneLighting":false,"audioPlay":false,"sceneViewState":{"showFog":true,"showMaterialUpdate":false,"showSkybox":true,"showFlares":true,"showImageEffects":true,"showParticleSystems":true},"in2DMode":false,"pivot":{"x":-0.3477821350097656,"y":3.5075533390045168,"z":11.647563934326172},"rotation":{"x":0.06241052970290184,"y":0.1639190912246704,"z":-0.010391677729785443,"w":0.9844427704811096},"size":29.938961029052736,"orthographic":false}