{"cameraMode":{"drawMode":0,"name":"Shaded","section":"Shading Mode"},"sceneLighting":true,"audioPlay":false,"sceneViewState":{"showFog":true,"showMaterialUpdate":false,"showSkybox":true,"showFlares":true,"showImageEffects":true,"showParticleSystems":true},"in2DMode":false,"pivot":{"x":162.98379516601563,"y":298.7245178222656,"z":0.0},"rotation":{"x":0.23470407724380494,"y":-0.1460331827402115,"z":-0.035688888281583789,"w":-0.9603722095489502},"size":488.836669921875,"orthographic":false}