{"cameraMode":{"drawMode":0,"name":"Shaded","section":"Shading Mode"},"sceneLighting":true,"audioPlay":false,"sceneViewState":{"showFog":true,"showMaterialUpdate":false,"showSkybox":true,"showFlares":true,"showImageEffects":true,"showParticleSystems":true},"in2DMode":false,"pivot":{"x":3.0767064094543459,"y":3.560183048248291,"z":2.6293745040893556},"rotation":{"x":-0.1076260581612587,"y":0.8873891234397888,"z":-0.26317572593688967,"w":-0.36289891600608828},"size":10.0,"orthographic":false}