{"cameraMode":{"drawMode":0,"name":"Shaded","section":"Shading Mode"},"sceneLighting":true,"audioPlay":false,"sceneViewState":{"showFog":true,"showMaterialUpdate":false,"showSkybox":true,"showFlares":true,"showImageEffects":true,"showParticleSystems":true},"in2DMode":false,"pivot":{"x":-6.770308017730713,"y":4.310964584350586,"z":27.01742935180664},"rotation":{"x":0.11698280274868012,"y":-0.031281132251024249,"z":0.0036863929126411678,"w":0.9926344156265259},"size":47.80392074584961,"orthographic":false}