{"cameraMode":{"drawMode":0,"name":"Shaded","section":"Shading Mode"},"sceneLighting":true,"audioPlay":false,"sceneViewState":{"showFog":true,"showMaterialUpdate":false,"showSkybox":true,"showFlares":true,"showImageEffects":true,"showParticleSystems":true},"in2DMode":false,"pivot":{"x":14.933001518249512,"y":9.344863891601563,"z":-19.598451614379884},"rotation":{"x":0.002618801547214389,"y":0.9817591309547424,"z":-0.013558627106249333,"w":0.18962708115577699},"size":26.338603973388673,"orthographic":false}