{"cameraMode":{"drawMode":0,"name":"Shaded","section":"Shading Mode"},"sceneLighting":false,"audioPlay":false,"sceneViewState":{"showFog":true,"showMaterialUpdate":false,"showSkybox":false,"showFlares":true,"showImageEffects":true,"showParticleSystems":true},"in2DMode":false,"pivot":{"x":-11.571102142333985,"y":-0.2784978449344635,"z":64.48011016845703},"rotation":{"x":0.051131293177604678,"y":-0.07782120257616043,"z":0.0039963792078197,"w":0.9956472516059876},"size":97.76132202148438,"orthographic":false}