{"cameraMode":{"drawMode":0,"name":"Shaded","section":"Shading Mode"},"sceneLighting":false,"audioPlay":false,"sceneViewState":{"showFog":true,"showMaterialUpdate":false,"showSkybox":false,"showFlares":true,"showImageEffects":true,"showParticleSystems":true},"in2DMode":false,"pivot":{"x":-2.3752756118774416,"y":5.757142066955566,"z":-17.275711059570314},"rotation":{"x":0.008846457116305828,"y":0.9911535978317261,"z":0.09363416582345963,"w":-0.09364296495914459},"size":4.286825656890869,"orthographic":false}