{"cameraMode":{"drawMode":0,"name":"Shaded","section":"Shading Mode"},"sceneLighting":true,"audioPlay":false,"sceneViewState":{"showFog":true,"showMaterialUpdate":false,"showSkybox":true,"showFlares":true,"showImageEffects":true,"showParticleSystems":true},"in2DMode":false,"pivot":{"x":3.1669912338256838,"y":-2.5500121116638185,"z":22.581350326538087},"rotation":{"x":0.2196779102087021,"y":0.1773788332939148,"z":-0.04065560922026634,"w":0.9584496021270752},"size":47.80392074584961,"orthographic":false}