{"cameraMode":{"drawMode":0,"name":"Shaded","section":"Shading Mode"},"sceneLighting":false,"audioPlay":false,"sceneViewState":{"showFog":true,"showMaterialUpdate":false,"showSkybox":false,"showFlares":true,"showImageEffects":true,"showParticleSystems":true},"in2DMode":false,"pivot":{"x":0.5462886095046997,"y":0.5338590145111084,"z":-1.3223936557769776},"rotation":{"x":-0.0036817549262195827,"y":0.9963107705116272,"z":0.06254102289676666,"w":0.05865141749382019},"size":2.491445541381836,"orthographic":false}