{"cameraMode":{"drawMode":0,"name":"Shaded","section":"Shading Mode"},"sceneLighting":true,"audioPlay":false,"sceneViewState":{"showFog":true,"showMaterialUpdate":false,"showSkybox":true,"showFlares":true,"showImageEffects":true,"showParticleSystems":true},"in2DMode":false,"pivot":{"x":-1.8618472814559937,"y":8.774946212768555,"z":3.674724578857422},"rotation":{"x":-0.07523850351572037,"y":-0.0009007725166156888,"z":0.00006792316708015278,"w":-0.9971651434898377},"size":23.34519386291504,"orthographic":false}