{"cameraMode":{"drawMode":0,"name":"Shaded","section":"Shading Mode"},"sceneLighting":false,"audioPlay":false,"sceneViewState":{"showFog":true,"showMaterialUpdate":false,"showSkybox":false,"showFlares":true,"showImageEffects":true,"showParticleSystems":true},"in2DMode":false,"pivot":{"x":-1.9547005891799927,"y":22.598493576049806,"z":-19.32656478881836},"rotation":{"x":0.008846457116305828,"y":0.9911535978317261,"z":0.09363416582345963,"w":-0.09364296495914459},"size":4.286825656890869,"orthographic":false}